x,y,strength
47.89986038208008,34.113399505615234,44
47.89986038208008,34.113399505615234,49
47.89986038208008,34.113399505615234,49
47.89986038208008,34.113399505615234,49
47.89986038208008,34.113399505615234,48
47.89986038208008,34.113399505615234,48
47.89986038208008,34.113399505615234,48
47.89986038208008,34.113399505615234,50
47.89986038208008,34.113399505615234,50
47.89986038208008,34.113399505615234,50
47.89986038208008,34.113399505615234,47
47.89986038208008,34.113399505615234,48
47.91954803466797,35.674312591552734,48
47.50223922729492,37.52226638793945,47
47.32957458496094,38.63663101196289,32
47.67374038696289,40.00729751586914,32
48.33540725708008,41.24917221069336,36
50.524566650390625,41.319252014160156,30
55.88397216796875,41.46188735961914,41
56.459232330322266,41.46164321899414,41
57.1525993347168,41.479061126708984,41
59.1565055847168,41.80503845214844,41
61.4488410949707,41.83158874511719,39
64.8392562866211,41.91115188598633,38
66.81036376953125,39.89535140991211,36
66.90673065185547,39.88364791870117,36
66.90673828125,39.88359451293945,36
66.96245574951172,39.852569580078125,36
67.34657287597656,39.814964294433594,36
67.86756896972656,39.84090805053711,36
68.0902328491211,39.84343338012695,33
68.47016143798828,39.86470413208008,33
68.53295135498047,39.8665657043457,25
68.53295135498047,39.8665657043457,33
68.53295135498047,39.8665657043457,33
67.6322250366211,39.87337875366211,32
67.6322250366211,39.87337875366211,37
67.6322250366211,39.87337875366211,36
67.38011169433594,39.88440704345703,36
67.38011169433594,39.88440704345703,38
67.38011169433594,39.88440704345703,39
67.38011169433594,39.88440704345703,39
67.38011169433594,39.88440704345703,39
67.38011169433594,39.88440704345703,39
67.00167846679688,39.890838623046875,38
66.87553405761719,39.88692855834961,38
67.20156860351562,39.828895568847656,39
67.73114776611328,39.86195373535156,39
68.03813934326172,39.868404388427734,35
68.48334503173828,39.88843536376953,36
68.53498840332031,39.89765167236328,36
68.53498840332031,39.89765167236328,36
68.53498840332031,39.89765167236328,37
68.53498840332031,39.89765167236328,37
68.53498840332031,39.89765167236328,37
67.43347930908203,39.86518859863281,39
67.43347930908203,39.86518859863281,39
67.43347930908203,39.86518859863281,39
67.43347930908203,39.86518859863281,39
67.43347930908203,39.86518859863281,40
67.43347930908203,39.86518859863281,39
67.4332275390625,39.865196228027344,39
66.90258026123047,39.899478912353516,37
67.0551528930664,39.852073669433594,39
67.77742004394531,39.867305755615234,35
67.8958511352539,39.872802734375,35
68.21387481689453,39.88436508178711,34
68.513671875,39.89906311035156,34
68.513671875,39.89906311035156,36
68.513671875,39.89906311035156,35
68.513671875,39.89906311035156,35
68.513671875,39.89906311035156,36
68.513671875,39.89906311035156,36
68.513671875,39.89906311035156,36
68.513671875,39.89906311035156,35
68.513671875,39.89906311035156,35
68.513671875,39.89906311035156,35
68.513671875,39.89906311035156,36
68.513671875,39.89906311035156,36
68.513671875,39.89906311035156,36
68.513671875,39.89906311035156,27
68.513671875,39.89906311035156,35
68.513671875,39.89906311035156,35
68.513671875,39.89906311035156,35
68.513671875,39.89906311035156,36
68.513671875,39.89906311035156,36
67.11295318603516,39.873199462890625,37
66.06046295166016,40.2623405456543,32
72.94869232177734,42.34981918334961,46
75.82112121582031,42.4245491027832,46
78.12583923339844,51.76514434814453,42
78.12583923339844,51.76514434814453,42
78.12583923339844,51.76514434814453,42
78.12583923339844,51.76514434814453,42
78.12583923339844,51.76514434814453,42
78.12583923339844,51.76514434814453,42
78.12583923339844,51.76514434814453,41
78.12583923339844,51.76514434814453,41
78.12583923339844,51.76514434814453,41
78.12583923339844,51.76514434814453,43
78.12583923339844,51.76514434814453,43
78.12583923339844,51.76514434814453,43
78.12583923339844,51.76514434814453,42
78.12583923339844,51.76514434814453,42
78.12583923339844,51.76514434814453,42
78.12583923339844,51.76514434814453,42
78.12583923339844,51.76514434814453,42
78.12583923339844,51.76514434814453,42
78.66248321533203,51.78105545043945,40
78.81793975830078,51.78523635864258,40
78.81793975830078,51.78523635864258,37
78.81793975830078,51.78523635864258,42
78.81793975830078,51.78523635864258,42
78.81793975830078,51.78523635864258,43
79.50647735595703,51.80427932739258,42
79.50647735595703,51.80427932739258,42
79.50647735595703,51.80427932739258,42
79.50647735595703,51.80427932739258,42
79.50647735595703,51.80427932739258,41
79.50647735595703,51.80427932739258,42
79.50647735595703,51.80427932739258,42
79.50647735595703,51.80427932739258,40
79.50647735595703,51.80427932739258,43
79.93209838867188,51.829288482666016,43
78.12933349609375,51.746524810791016,39
66.58338928222656,42.09161376953125,35
65.96894836425781,40.42752456665039,41
65.93330383300781,40.48638916015625,41
65.41554260253906,41.764930725097656,41
64.00948333740234,41.70444107055664,37
61.79697799682617,41.829071044921875,37
59.754180908203125,41.7408447265625,37
57.860408782958984,42.19234848022461,47
56.393619537353516,41.633522033691406,44
54.48223114013672,41.36560821533203,44
52.15271759033203,41.347713470458984,36
49.229827880859375,41.362449645996094,31
47.729923248291016,37.112945556640625,38
47.853912353515625,35.00700378417969,38
48.05229568481445,33.840145111083984,44
48.04322052001953,33.78522491455078,35
47.910404205322266,34.05766296386719,35
47.91120529174805,34.4178466796875,36
47.7657470703125,36.766822814941406,34
47.19292449951172,38.06100082397461,34
47.58328628540039,38.823211669921875,33
47.703182220458984,40.598609924316406,33
51.34462356567383,41.380531311035156,36
51.719879150390625,41.43916702270508,36
51.931697845458984,41.46582794189453,36
57.27663803100586,41.494361877441406,35
54.07195281982422,41.4910774230957,35
58.48341369628906,41.76567077636719,35
60.67496109008789,41.78440856933594,35
62.81208038330078,41.930904388427734,33
65.3919906616211,41.81511688232422,37
66.12051391601562,40.563865661621094,37
66.62322998046875,39.950927734375,38
66.89872741699219,39.881832122802734,35
67.23357391357422,39.820960998535156,35
67.75126647949219,39.846927642822266,38
67.9617691040039,39.858436584472656,38
68.44097900390625,39.8706169128418,34
68.53286743164062,39.8743782043457,35
68.53286743164062,39.8743782043457,35
68.53286743164062,39.8743782043457,35
68.53286743164062,39.8743782043457,33
68.53286743164062,39.8743782043457,33
68.53286743164062,39.8743782043457,34
68.53286743164062,39.8743782043457,33
68.53286743164062,39.8743782043457,34
68.53286743164062,39.8743782043457,34
68.53286743164062,39.8743782043457,34
68.53286743164062,39.8743782043457,35
68.53286743164062,39.8743782043457,35
68.53286743164062,39.8743782043457,34
68.53286743164062,39.8743782043457,34
68.53286743164062,39.8743782043457,35
68.53286743164062,39.8743782043457,36
68.44853973388672,39.87093734741211,36
68.07008361816406,39.86129379272461,35
67.36801147460938,39.89342498779297,34
67.21395874023438,39.91797637939453,34
67.21395874023438,39.91797637939453,40
67.21395874023438,39.91797637939453,39
67.21395874023438,39.91797637939453,39
67.21395874023438,39.91797637939453,39
67.21395874023438,39.91797637939453,38
67.21395874023438,39.91797637939453,38
67.21395874023438,39.91797637939453,38
67.21395874023438,39.91797637939453,39
67.21395874023438,39.91797637939453,38
67.21395874023438,39.91797637939453,38
67.21395874023438,39.91797637939453,39
67.21395874023438,39.91797637939453,40
67.21395874023438,39.91797637939453,40
67.21395874023438,39.91797637939453,40
67.21395874023438,39.91797637939453,40
66.65939331054688,40.03221130371094,36
61.48419952392578,41.76152420043945,34
48.0326042175293,34.37779998779297,46
47.89692687988281,34.110321044921875,49
47.89692687988281,34.110321044921875,49
47.89692687988281,34.110321044921875,47
47.89692687988281,34.110321044921875,47
47.89692687988281,34.110321044921875,48
47.89692687988281,34.110321044921875,50
47.89692687988281,34.110321044921875,47
47.89692687988281,34.110321044921875,47
47.89692687988281,34.110321044921875,48
47.89692687988281,34.110321044921875,48
47.89692687988281,34.110321044921875,50
47.89692687988281,34.110321044921875,50
47.89692687988281,34.110321044921875,48
47.89692687988281,34.110321044921875,48
47.89692687988281,34.110321044921875,48
47.89692687988281,34.110321044921875,48
47.89692687988281,34.110321044921875,49
47.89692687988281,34.110321044921875,49
47.89692687988281,34.110321044921875,47
47.89692687988281,34.110321044921875,48
47.89692687988281,34.110321044921875,48
47.89692687988281,34.110321044921875,49
47.89692687988281,34.110321044921875,50
47.89692687988281,34.110321044921875,47
47.93586349487305,35.43333435058594,48
47.741943359375,37.30997085571289,48
47.1639518737793,38.92685317993164,41
47.72674560546875,39.70142364501953,35
47.30216598510742,41.08393478393555,37
47.766178131103516,41.5854377746582,37
49.934669494628906,41.311580657958984,35
56.41874313354492,41.466400146484375,43
57.00841522216797,41.46376037597656,34
57.46507263183594,41.509185791015625,34
57.9217414855957,41.64101028442383,34
60.583805084228516,41.764286041259766,43
62.647254943847656,41.9359016418457,42
64.95556640625,41.925289154052734,39
66.0844497680664,40.4803352355957,33
68.51728820800781,39.84994125366211,36
68.51728820800781,39.84994125366211,36
68.51728820800781,39.84994125366211,35
68.51728820800781,39.84994125366211,38
68.51728820800781,39.84994125366211,38
68.51728820800781,39.84994125366211,37
68.51728820800781,39.84994125366211,37
68.51728820800781,39.84994125366211,38
68.51728820800781,39.84994125366211,36
68.51728820800781,39.84994125366211,35
68.51728820800781,39.84994125366211,35
68.51728820800781,39.84994125366211,37
68.51728820800781,39.84994125366211,36
68.51728820800781,39.84994125366211,36
68.51728820800781,39.84994125366211,36
67.83853912353516,39.85243225097656,37
67.31475067138672,39.87107467651367,36
67.31489562988281,39.87107467651367,33
67.31489562988281,39.87107467651367,33
67.31489562988281,39.87107467651367,33
67.31489562988281,39.87107467651367,36
67.31489562988281,39.87107467651367,36
67.31489562988281,39.87107467651367,36
67.31489562988281,39.87107467651367,36
67.31489562988281,39.87107467651367,36
67.31489562988281,39.87107467651367,31
67.31489562988281,39.87107467651367,36
67.31489562988281,39.87107467651367,36
67.31489562988281,39.87107467651367,36
67.31489562988281,39.87107467651367,37
67.31489562988281,39.87107467651367,37
67.31489562988281,39.87107467651367,37
67.14805603027344,39.885704040527344,37
66.87920379638672,39.896854400634766,37
67.23359680175781,39.81645965576172,37
67.84789276123047,39.8606071472168,32
68.53135681152344,39.88490295410156,33
68.53135681152344,39.88490295410156,33
68.53135681152344,39.88490295410156,35
68.53135681152344,39.88490295410156,35
68.53135681152344,39.88490295410156,33
68.53135681152344,39.88490295410156,31
68.53135681152344,39.88490295410156,33
68.53135681152344,39.88490295410156,32
68.48605346679688,39.88302993774414,31
68.21865844726562,39.87226104736328,33
68.03292083740234,39.86697006225586,33
67.94366455078125,39.86371612548828,33
67.39362335205078,39.83523178100586,34
67.3902359008789,39.8350944519043,34
67.13998413085938,39.82820510864258,37
67.1568603515625,39.82644271850586,36
66.10394287109375,40.04707336425781,33
66.07877349853516,40.0950813293457,33
65.7848129272461,41.24068832397461,44
66.45614624023438,42.17841339111328,35
68.45762634277344,42.10704803466797,35
73.0120849609375,42.33674621582031,43
73.1820297241211,42.36362075805664,43
74.75979614257812,42.4195671081543,43
77.08118438720703,42.43425369262695,48
79.17317962646484,42.47822189331055,48
79.8606185913086,43.68273162841797,48
79.72785949707031,45.85369110107422,41
79.58173370361328,47.96460723876953,50
79.4160385131836,50.12462615966797,50
79.51773834228516,51.670166015625,47
79.55911254882812,51.75251007080078,42
79.84358978271484,51.807308197021484,42
79.95986938476562,51.83067321777344,46
79.9075698852539,51.844608306884766,48
79.55934143066406,51.824825286865234,48
79.11587524414062,51.81819534301758,48
78.8101806640625,51.80860137939453,46
78.2684097290039,51.787532806396484,46
78.11965942382812,51.78177261352539,46
78.11965942382812,51.78177261352539,41
78.11965942382812,51.78177261352539,41
78.11965942382812,51.78177261352539,42
78.11965942382812,51.78177261352539,41
78.11965942382812,51.78177261352539,35
78.11965942382812,51.78177261352539,41
78.11965942382812,51.78177261352539,41
78.11965942382812,51.78177261352539,41
78.11965942382812,51.78177261352539,42
78.89429473876953,51.80547332763672,42
80.21308135986328,51.84442901611328,42
80.21308135986328,51.84442901611328,42
80.21308135986328,51.84442901611328,41
80.21308135986328,51.84442901611328,41
80.11730194091797,51.84089279174805,42
80.00507354736328,51.8344612121582,44
80.00507354736328,51.8344612121582,44
80.00507354736328,51.8344612121582,44
80.00507354736328,51.8344612121582,44
80.00507354736328,51.8344612121582,44
80.00507354736328,51.8344612121582,44
80.00507354736328,51.8344612121582,44
80.00507354736328,51.8344612121582,45
80.00507354736328,51.8344612121582,40
80.00507354736328,51.8344612121582,44
80.00507354736328,51.8344612121582,46
80.00507354736328,51.8344612121582,45
80.00507354736328,51.8344612121582,45
79.84956359863281,51.773826599121094,45
79.56233978271484,51.79246139526367,43
79.07112884521484,51.780616760253906,42
78.74503326416016,51.766658782958984,42
78.24557495117188,51.74993133544922,43
78.12879943847656,51.74552917480469,40
78.12879943847656,51.74552917480469,40
78.12896728515625,51.74553298950195,41
78.26118469238281,51.75043869018555,41
78.76045989990234,51.77042007446289,41
78.830322265625,51.772056579589844,45
78.81867218017578,51.767704010009766,52
79.40164947509766,51.31224822998047,52
79.63273620605469,50.141517639160156,47
79.78092193603516,48.018516540527344,52
79.77885437011719,45.68231201171875,52
79.85099792480469,43.54759979248047,50
79.17402648925781,42.51042175292969,39
77.16012573242188,42.42909240722656,39
74.8702621459961,42.42991638183594,40
72.47714233398438,42.42266845703125,41
70.37480163574219,42.31097412109375,30
68.17264556884766,42.125064849853516,34
66.31221008300781,41.986995697021484,32
66.01969146728516,40.61342239379883,32
66.63517761230469,39.932456970214844,34
66.86074829101562,39.88152313232422,39
67.16516876220703,39.79066848754883,39
67.7293701171875,39.806640625,38
67.95232391357422,39.818824768066406,36
68.46202087402344,39.857261657714844,36
68.54258728027344,39.861114501953125,34
68.54258728027344,39.861114501953125,35
68.54258728027344,39.861114501953125,35
68.54258728027344,39.861114501953125,35
68.2901382446289,39.85062026977539,34
67.8593521118164,39.83152770996094,34
67.48333740234375,39.8172721862793,37
67.38427734375,39.81365966796875,38
67.3624496459961,39.79242706298828,38
66.06202697753906,40.29605484008789,37
65.70596313476562,41.362884521484375,34
61.11905288696289,41.81929397583008,35
60.635353088378906,41.78620529174805,37
60.09321212768555,41.703800201416016,37
58.14730453491211,41.681922912597656,37
55.905479431152344,41.64311599731445,33
52.32845687866211,41.37084197998047,35
47.75028610229492,38.502437591552734,35
47.727272033691406,37.933433532714844,39
47.7165641784668,37.407501220703125,39
47.71860122680664,36.89098358154297,39
47.734657287597656,36.47027587890625,39
48.00925064086914,34.57212829589844,38
48.04926300048828,33.79551696777344,38
48.061546325683594,33.8091926574707,49
47.89202117919922,34.1157112121582,43
47.923336029052734,34.55668258666992,43
47.8178825378418,36.617733001708984,47
47.64342498779297,39.00819396972656,32
48.07447052001953,41.1214599609375,32
49.568748474121094,41.32473373413086,32
54.51763153076172,41.47145080566406,40
55.53864288330078,41.48390579223633,40
56.060691833496094,41.4846305847168,40
58.143550872802734,41.706329345703125,41
60.315773010253906,41.748435974121094,41
62.113224029541016,41.927913665771484,36
64.39693450927734,41.923248291015625,43
65.71387481689453,41.55363464355469,37
66.09017181396484,40.438209533691406,37
66.75521850585938,39.91104507446289,36
66.89863586425781,39.885467529296875,36
67.28582763671875,39.8147087097168,36
67.85353088378906,39.843353271484375,32
68.34825897216797,39.851200103759766,35
68.53475189208984,39.85723876953125,35
68.53475189208984,39.85723876953125,35
68.53475189208984,39.85723876953125,36
68.34126281738281,39.85198211669922,36
67.83280181884766,39.83863067626953,33
67.75947570800781,39.83675765991211,33
67.58073425292969,39.830501556396484,36
67.39067840576172,39.82378387451172,36
67.28326416015625,39.819480895996094,35
67.16559600830078,39.81829071044922,35
67.16559600830078,39.81829071044922,33
67.16559600830078,39.81829071044922,33
67.16559600830078,39.81829071044922,33
66.66401672363281,39.835445404052734,37
66.65960693359375,39.837364196777344,34
66.68948364257812,39.88595962524414,34
66.56102752685547,39.7930793762207,37
66.57991790771484,39.78529739379883,37
65.90736389160156,40.53346633911133,38
65.92054748535156,41.61715316772461,36
66.99593353271484,42.704322814941406,36
67.80564880371094,42.75894546508789,40
69.1212387084961,42.218345642089844,36
71.81897735595703,42.230045318603516,32
79.69631958007812,42.85441970825195,44
79.8645248413086,43.299861907958984,44
79.8598861694336,43.706321716308594,44
79.77020263671875,44.14995193481445,46
79.72142028808594,44.64183807373047,46
79.713623046875,46.766361236572266,46
79.49519348144531,48.873409271240234,47
79.43460083007812,51.093345642089844,44
79.54806518554688,51.75351333618164,44
79.5775146484375,51.75570297241211,42
79.96975708007812,51.8310661315918,44
79.53366088867188,51.85136795043945,47
79.15787506103516,51.83255386352539,47
79.03041076660156,51.83782958984375,43
78.73815155029297,51.81813049316406,43
78.23030090332031,51.783203125,44
78.11597442626953,51.7769660949707,45
78.11597442626953,51.7769660949707,45
78.11597442626953,51.7769660949707,44
78.11597442626953,51.7769660949707,45
78.36827087402344,51.790767669677734,45
78.80646514892578,51.810302734375,44
79.24275970458984,51.82972717285156,45
79.53246307373047,51.84377670288086,45
79.9509506225586,51.82845687866211,44
79.41206359863281,51.80055236816406,45
79.01485443115234,51.780426025390625,45
78.15331268310547,51.74707794189453,49
78.13630676269531,51.7462043762207,49
78.1362075805664,51.74619674682617,49
78.1362075805664,51.74619674682617,49
78.1362075805664,51.74619674682617,42
78.1362075805664,51.74619674682617,40
78.1362075805664,51.74619674682617,40
78.1362075805664,51.74619674682617,41
78.1362075805664,51.74619674682617,41
78.1362075805664,51.74619674682617,41
78.1362075805664,51.74619674682617,42
78.1362075805664,51.74619674682617,41
78.1362075805664,51.74619674682617,41
78.1362075805664,51.74619674682617,42
78.1362075805664,51.74619674682617,42
78.1362075805664,51.74619674682617,42
78.1362075805664,51.74619674682617,42
78.1362075805664,51.74619674682617,41
78.1362075805664,51.74619674682617,41
78.1362075805664,51.74619674682617,41
78.1362075805664,51.74619674682617,42
78.1362075805664,51.74619674682617,42
78.1362075805664,51.74619674682617,42
78.1362075805664,51.74619674682617,41
78.1362075805664,51.74619674682617,41
78.1362075805664,51.74619674682617,42
78.1362075805664,51.74619674682617,42
78.1362075805664,51.74619674682617,42
78.1362075805664,51.74619674682617,42
78.13600158691406,51.746185302734375,41
78.13600158691406,51.746185302734375,41
78.13600158691406,51.746185302734375,41
78.13600158691406,51.746185302734375,41
78.13600158691406,51.746185302734375,40
78.13600158691406,51.746185302734375,40
78.13600158691406,51.746185302734375,41
78.13600158691406,51.746185302734375,41
78.13600158691406,51.746185302734375,41
78.13600158691406,51.746185302734375,40
78.13600158691406,51.746185302734375,41
78.13600158691406,51.746185302734375,41
78.13600158691406,51.746185302734375,40
78.13600158691406,51.746185302734375,40
78.13600158691406,51.746185302734375,42
78.13600158691406,51.746185302734375,41
78.13600158691406,51.746185302734375,41
78.13600158691406,51.746185302734375,41
78.13600158691406,51.746185302734375,41
78.13600158691406,51.746185302734375,41
78.13600158691406,51.746185302734375,41
78.13600158691406,51.746185302734375,40
78.13600158691406,51.746185302734375,40
78.13600158691406,51.746185302734375,41
78.13600158691406,51.746185302734375,41
78.13600158691406,51.746185302734375,41
78.13600158691406,51.746185302734375,40
78.13600158691406,51.746185302734375,40
78.13600158691406,51.746185302734375,40
78.13600158691406,51.746185302734375,40
78.13600158691406,51.746185302734375,40
78.2071762084961,51.74993133544922,41
78.28291320800781,51.754642486572266,41
78.3135986328125,51.75672149658203,41
79.13692474365234,51.82749938964844,42
79.13692474365234,51.82749938964844,45
79.13692474365234,51.82749938964844,45
79.13692474365234,51.82749938964844,45
79.13692474365234,51.82749938964844,45
79.13692474365234,51.82749938964844,48
79.13692474365234,51.82749938964844,48
79.13692474365234,51.82749938964844,46
79.13692474365234,51.82749938964844,47
79.13692474365234,51.82749938964844,47
79.1896743774414,51.830711364746094,47
79.55369567871094,51.85096740722656,46
79.96331024169922,51.83344650268555,38
79.45907592773438,51.80532455444336,38
79.02447509765625,51.79887771606445,41
78.6636962890625,51.78371047973633,44
78.1762466430664,51.75107192993164,44
78.12550354003906,51.74864196777344,45
78.12550354003906,51.74864196777344,42
78.12554931640625,51.7486457824707,42
78.29244232177734,51.756473541259766,43
78.78073120117188,51.774723052978516,45
78.82527923583984,51.774688720703125,45
78.82527923583984,51.774688720703125,45
78.82527923583984,51.774688720703125,45
78.82527923583984,51.774688720703125,46
78.82527923583984,51.774688720703125,46
78.82527923583984,51.774688720703125,45
78.82527923583984,51.774688720703125,46
78.82527923583984,51.774688720703125,46
78.82527923583984,51.774688720703125,40
78.82527923583984,51.774688720703125,45
78.82527923583984,51.774688720703125,45
78.82527923583984,51.774688720703125,45
78.82527923583984,51.774688720703125,45
78.82527923583984,51.774688720703125,45
78.82527923583984,51.774688720703125,45
78.82527923583984,51.774688720703125,45
78.82527923583984,51.774688720703125,45
78.82527923583984,51.774688720703125,45
78.82527923583984,51.774688720703125,45
78.82527923583984,51.774688720703125,46
78.82527923583984,51.774688720703125,45
78.82527923583984,51.774688720703125,45
78.82527923583984,51.774688720703125,45
78.82527923583984,51.774688720703125,45
78.82527923583984,51.774688720703125,45
78.82527923583984,51.774688720703125,46
78.82686614990234,51.77399826049805,46
79.14864349365234,50.6702766418457,52
79.17168426513672,50.01110076904297,48
79.1354751586914,48.536441802978516,48
79.4367904663086,45.75720977783203,51
79.3171615600586,43.62770080566406,42
79.69318389892578,42.937461853027344,42
79.52537536621094,42.78099060058594,41
78.19097900390625,42.56488037109375,45
76.04082489013672,42.42729949951172,45
73.9295883178711,42.281837463378906,45
71.75460815429688,42.384952545166016,39
69.74099731445312,42.240875244140625,39
67.48470306396484,42.11280822753906,38
66.85505676269531,39.89336013793945,38
66.84352111816406,39.88193893432617,38
48.033164978027344,33.799896240234375,48
47.9448356628418,33.958805084228516,35
67.94844055175781,39.8741455078125,35
67.93946075439453,39.87385559082031,35
78.13526916503906,51.7900276184082,44
78.13526916503906,51.7900276184082,44
79.52960205078125,51.83501052856445,39
79.52960205078125,51.83501052856445,34
79.52960205078125,51.83501052856445,40
79.52960205078125,51.83501052856445,40
79.52960205078125,51.83501052856445,40
79.96809387207031,51.8292350769043,36
79.68569946289062,51.85585021972656,42
79.05693817138672,51.82783126831055,42
78.73543548583984,51.80903625488281,47
78.36428833007812,51.789817810058594,45
78.10064697265625,51.77606964111328,45
78.10064697265625,51.77606964111328,47
78.10064697265625,51.77606964111328,44
78.2953109741211,51.786842346191406,44
78.76985931396484,51.813655853271484,42
78.90118408203125,51.82526779174805,44
79.23870086669922,51.82460021972656,38
79.24006652832031,51.76581954956055,38
79.55127716064453,50.06980895996094,43
79.468994140625,42.68003463745117,41
79.32528686523438,42.58831024169922,41
59.688453674316406,41.73408508300781,43
59.71645736694336,41.7459831237793,43
65.85163879394531,41.36075210571289,36
65.9163818359375,41.503177642822266,35
79.48348999023438,51.83894729614258,43
79.42376708984375,51.835227966308594,43
79.77900695800781,47.28565216064453,55
79.78962707519531,44.289939880371094,56
79.54414367675781,42.73178482055664,40
78.36918640136719,42.4161262512207,40
76.02687072753906,42.396141052246094,48
73.79812622070312,42.414127349853516,42
71.45545196533203,42.4146728515625,42
70.54203796386719,42.338111877441406,38
68.97276306152344,42.13145065307617,38
66.46745300292969,42.05526351928711,38
65.87852478027344,41.11570739746094,35
66.55223846435547,39.96141815185547,37
66.8577880859375,39.894561767578125,37
67.08563232421875,39.822879791259766,34
67.59689331054688,39.83314895629883,37
67.92697143554688,39.84341812133789,37
68.5599594116211,39.866912841796875,30
47.94368362426758,33.9822998046875,41
47.94368362426758,33.9822998046875,41
47.94368362426758,33.9822998046875,40
47.94368362426758,33.9822998046875,40
47.94368362426758,33.9822998046875,40
47.94368362426758,33.9822998046875,40
47.94368362426758,33.9822998046875,41
47.94368362426758,33.9822998046875,41
47.94368362426758,33.9822998046875,43
47.94368362426758,33.9822998046875,43
47.94368362426758,33.9822998046875,43
47.94368362426758,33.9822998046875,43
47.94368362426758,33.9822998046875,43
47.94368362426758,33.9822998046875,43
47.94368362426758,33.9822998046875,43
47.94368362426758,33.9822998046875,44
47.94368362426758,33.9822998046875,43
47.94368362426758,33.9822998046875,43
47.94368362426758,33.9822998046875,43
47.94368362426758,33.9822998046875,43
47.94368362426758,33.9822998046875,43
50.75675582885742,41.31871032714844,39
54.545291900634766,41.592926025390625,34
55.236968994140625,41.57351303100586,34
56.84755325317383,41.57868576049805,39
59.20195007324219,41.5800895690918,39
61.14720916748047,41.884159088134766,45
63.56660079956055,41.877010345458984,43
65.9117202758789,41.89119338989258,36
67.81847381591797,42.179134368896484,36
70.19668579101562,42.164241790771484,36
72.35916900634766,42.20774841308594,33
79.423095703125,42.58663558959961,49
79.6741943359375,42.839088439941406,49
79.81912994384766,43.159751892089844,49
79.89405059814453,43.60223388671875,49
79.8951644897461,45.84148406982422,52
79.52445983886719,48.36075210571289,54
79.51075744628906,48.57106399536133,54
79.53498840332031,50.66130828857422,54
79.76067352294922,51.753746032714844,46
79.7743911743164,51.784149169921875,41
79.97265625,51.8206672668457,41
79.47511291503906,51.84705352783203,45
79.08668518066406,51.837398529052734,43
79.04623413085938,51.83626174926758,43
79.04623413085938,51.83626174926758,45
79.04623413085938,51.83626174926758,45
79.04623413085938,51.83626174926758,45
79.04623413085938,51.83626174926758,45
79.04623413085938,51.83626174926758,45
79.04623413085938,51.83626174926758,45
79.04623413085938,51.83626174926758,45
79.04623413085938,51.83626174926758,46
79.38362121582031,51.84396743774414,43
79.80123901367188,51.833839416503906,43
79.74678039550781,51.846622467041016,45
79.18767547607422,51.834476470947266,40
78.93824768066406,51.82356262207031,40
78.3376235961914,51.80044174194336,40
78.13935852050781,51.789573669433594,45
78.13935852050781,51.789573669433594,45
78.13935852050781,51.789573669433594,44
78.13935852050781,51.789573669433594,44
78.13935852050781,51.789573669433594,40
78.13935852050781,51.789573669433594,44
78.77418518066406,51.75762176513672,44
79.51305389404297,51.6257209777832,41
79.76678466796875,51.74163055419922,44
79.96868133544922,51.80864334106445,47
79.41277313232422,51.8125,47
79.01244354248047,51.80107498168945,39
78.60924530029297,51.791168212890625,39
78.49638366699219,51.788002014160156,39
78.49638366699219,51.788002014160156,45
78.85914611816406,51.797889709472656,44
79.33134460449219,51.810951232910156,44
79.61956787109375,51.81403732299805,41
79.61956787109375,51.81403732299805,41
79.61956787109375,51.81403732299805,41
79.61956787109375,51.81403732299805,38
79.61956787109375,51.81403732299805,38
79.61956787109375,51.81403732299805,37
79.61956787109375,51.81403732299805,41
79.61956787109375,51.81403732299805,41
79.61956787109375,51.81403732299805,40
79.62044525146484,51.81406021118164,42
78.12028503417969,51.798789978027344,41
78.12028503417969,51.798789978027344,41
78.12028503417969,51.798789978027344,42
78.29473114013672,51.8055305480957,42
79.12454986572266,51.75503158569336,41
79.12454986572266,51.75503158569336,36
79.1587905883789,51.74900436401367,36
79.48680114746094,51.695350646972656,44
79.60249328613281,51.741737365722656,49
79.96070098876953,51.84003829956055,49
79.8965072631836,51.829193115234375,46
79.75366973876953,51.80951690673828,46
79.63275146484375,51.802886962890625,41
79.63275146484375,51.802886962890625,41
79.63275146484375,51.802886962890625,44
79.63275146484375,51.802886962890625,44
79.63275146484375,51.802886962890625,45
79.63318634033203,51.802879333496094,45
79.96440124511719,51.850502014160156,43
79.63550567626953,51.8476448059082,43
79.15013122558594,51.83660888671875,41
78.93922424316406,51.82255935668945,47
78.3467025756836,51.79395294189453,47
78.13137817382812,51.78538513183594,44
78.28883361816406,51.79214859008789,43
79.21691131591797,51.79890060424805,44
79.21691131591797,51.79890060424805,44
79.50016021728516,51.78876495361328,42
79.7514877319336,51.834922790527344,42
79.90713500976562,51.83708953857422,41
79.30738830566406,51.811805725097656,43
79.03980255126953,51.811153411865234,43
78.60501098632812,51.79264831542969,43
78.1686782836914,51.7666130065918,43
78.14603424072266,51.76581573486328,43
78.83683013916016,51.79294204711914,43
78.83683013916016,51.79294204711914,43
78.84375762939453,51.784339904785156,43
79.3585205078125,50.686344146728516,51
79.65886688232422,48.967529296875,45
79.78833770751953,46.85287094116211,45
79.7691650390625,44.47725296020508,49
79.6236801147461,42.813873291015625,40
78.6529769897461,42.4235954284668,45
72.94048309326172,42.42537307739258,41
72.75939178466797,42.423892974853516,41
70.68661499023438,42.36001205444336,38
68.53446960449219,42.112667083740234,38
66.50827026367188,42.0711555480957,34
65.86824035644531,40.89588928222656,33
66.53340911865234,39.950592041015625,33
66.8625259399414,39.88129425048828,39
67.3452377319336,39.82749938964844,35
67.83671569824219,39.84559631347656,35
68.15142822265625,39.85741424560547,37
68.55562591552734,39.87255096435547,35
68.55768585205078,39.872623443603516,35
68.55768585205078,39.872623443603516,33
68.55768585205078,39.872623443603516,33
68.55768585205078,39.872623443603516,33
68.55768585205078,39.872623443603516,33
68.55768585205078,39.872623443603516,34
68.55768585205078,39.872623443603516,33
68.55768585205078,39.872623443603516,33
68.55768585205078,39.872623443603516,33
68.55768585205078,39.872623443603516,33
68.55768585205078,39.872623443603516,33
68.55768585205078,39.872623443603516,34
68.55768585205078,39.872623443603516,35
68.55768585205078,39.872623443603516,35
68.55768585205078,39.872623443603516,35
68.55768585205078,39.872623443603516,32
68.55768585205078,39.872623443603516,22
68.55768585205078,39.872623443603516,34
68.55768585205078,39.872623443603516,33
68.55768585205078,39.872623443603516,34
68.55768585205078,39.872623443603516,33
68.55768585205078,39.872623443603516,36
68.55768585205078,39.872623443603516,36
68.55768585205078,39.872623443603516,36
68.55768585205078,39.872623443603516,34
68.55768585205078,39.872623443603516,35
68.55768585205078,39.872623443603516,35
67.84568786621094,39.85414123535156,31
67.84566497802734,39.85414123535156,35
67.4555435180664,39.84241485595703,33
67.38704681396484,39.850608825683594,40
67.36763000488281,39.85234832763672,40
66.41742706298828,40.07868194580078,36
65.73368072509766,41.26243209838867,32
63.11709213256836,41.894989013671875,36
62.68214797973633,41.749454498291016,36
62.43943786621094,41.69514846801758,36
60.42724609375,41.68881607055664,36
58.04050827026367,41.67658996582031,34
55.83291244506836,41.645328521728516,34
51.149986267089844,41.36320114135742,40
48.097129821777344,41.13579177856445,40
47.879241943359375,40.8720817565918,40
47.73728942871094,37.96532440185547,43
48.05304718017578,33.808128356933594,46
47.95068359375,33.98061752319336,39
47.894046783447266,34.1090202331543,39
47.91201400756836,34.466552734375,40
47.83468246459961,36.530391693115234,40
47.67843246459961,38.663177490234375,41
47.73200607299805,40.6550407409668,36
49.113956451416016,41.35097122192383,36
52.27447509765625,41.481468200683594,35
61.494651794433594,41.830562591552734,43
61.86030197143555,41.88774108886719,43
62.12945556640625,41.913875579833984,43
62.403743743896484,41.92958450317383,43
62.7327880859375,41.93228530883789,42
64.53483581542969,41.93230438232422,42
65.89049530029297,41.10371780395508,37
66.63761138916016,39.93193817138672,37
66.89993286132812,39.88908004760742,37
66.90084075927734,39.88908386230469,38
66.90084075927734,39.88908386230469,34
66.90084075927734,39.88908386230469,34
66.90084075927734,39.88908386230469,35
66.90084075927734,39.88908386230469,36
66.90084075927734,39.88908386230469,36
66.90084075927734,39.88908386230469,35
66.90084075927734,39.88908386230469,35
66.90084075927734,39.88908386230469,35
66.90084075927734,39.88908386230469,36
66.90084075927734,39.88908386230469,36
66.90084075927734,39.88908386230469,34
66.90084075927734,39.88908386230469,35
63.010433197021484,41.800899505615234,38
47.90550231933594,34.11799240112305,48
47.90550231933594,34.11799240112305,48
47.90550231933594,34.11799240112305,45
47.90550231933594,34.11799240112305,45
47.90550231933594,34.11799240112305,45
47.90550231933594,34.11799240112305,46
47.90550231933594,34.11799240112305,46
47.90550231933594,34.11799240112305,45
47.90550231933594,34.11799240112305,45
47.90550231933594,34.11799240112305,45
47.90550231933594,34.11799240112305,46
47.90550231933594,34.11799240112305,45
47.90550231933594,34.11799240112305,45
47.90550231933594,34.11799240112305,46
47.90550231933594,34.11799240112305,45
47.90550231933594,34.11799240112305,45
47.90550231933594,34.11799240112305,45
47.90550231933594,34.11799240112305,45
47.90550231933594,34.11799240112305,45
47.90550231933594,34.11799240112305,46
47.90550231933594,34.11799240112305,45
47.90550231933594,34.11799240112305,45
47.90550231933594,34.11799240112305,45
47.90550231933594,34.11799240112305,44
47.90550231933594,34.11799240112305,44
47.90550231933594,34.11799240112305,46
47.90550231933594,34.11799240112305,46
47.90550231933594,34.11799240112305,46
47.90550231933594,34.11799240112305,46
47.90550231933594,34.11799240112305,46
47.90550231933594,34.11799240112305,46
47.90550231933594,34.11799240112305,45
47.90550231933594,34.11799240112305,45
47.90550231933594,34.11799240112305,45
47.90550231933594,34.11799240112305,45
47.90550231933594,34.11799240112305,46
47.90550231933594,34.11799240112305,46
47.90550231933594,34.11799240112305,45
47.90550231933594,34.11799240112305,46
47.90550231933594,34.11799240112305,46
47.90550231933594,34.11799240112305,39
47.90550231933594,34.11799240112305,46
47.90550231933594,34.11799240112305,46
47.90550231933594,34.11799240112305,46
47.90550231933594,34.11799240112305,46
47.90550231933594,34.11799240112305,46
47.90550231933594,34.11799240112305,44
47.90550231933594,34.11799240112305,47
47.90550231933594,34.11799240112305,47
47.90550231933594,34.11799240112305,46
47.90550231933594,34.11799240112305,46
47.90550231933594,34.11799240112305,45
47.90550231933594,34.11799240112305,45
47.90550231933594,34.11799240112305,46
47.90550231933594,34.11799240112305,46
47.90550231933594,34.11799240112305,46
47.90550231933594,34.11799240112305,46
47.90550231933594,34.11799240112305,46
47.90550231933594,34.11799240112305,45
47.90550231933594,34.11799240112305,46
47.90550231933594,34.11799240112305,46
47.90550231933594,34.11799240112305,45
47.90550231933594,34.11799240112305,46
47.90550231933594,34.11799240112305,46
47.90550231933594,34.11799240112305,45
47.90550231933594,34.11799240112305,46
47.90550231933594,34.11799240112305,46
47.90550231933594,34.11799240112305,47
47.90550231933594,34.11799240112305,46
47.90550231933594,34.11799240112305,46
47.90550231933594,34.11799240112305,47
47.90550231933594,34.11799240112305,46
47.90550231933594,34.11799240112305,46
47.90550231933594,34.11799240112305,46
47.90550231933594,34.11799240112305,46
47.90550231933594,34.11799240112305,46
47.90550231933594,34.11799240112305,39
47.90550231933594,34.11799240112305,46
47.90550231933594,34.11799240112305,46
47.90550231933594,34.11799240112305,46
47.90550231933594,34.11799240112305,46
47.90550231933594,34.11799240112305,45
47.90550231933594,34.11799240112305,45
47.90550231933594,34.11799240112305,45
47.90550231933594,34.11799240112305,45
47.90550231933594,34.11799240112305,45
47.90550231933594,34.11799240112305,45
47.90550231933594,34.11799240112305,45
47.90550231933594,34.11799240112305,45
47.90550231933594,34.11799240112305,45
47.90550231933594,34.11799240112305,45
47.90550231933594,34.11799240112305,45
47.90550231933594,34.11799240112305,46
47.90550231933594,34.11799240112305,46
47.90550231933594,34.11799240112305,46
47.90550231933594,34.11799240112305,45
47.90550231933594,34.11799240112305,45
47.90550231933594,34.11799240112305,45
47.90550231933594,34.11799240112305,46
47.90550231933594,34.11799240112305,46
47.90550231933594,34.11799240112305,46
47.90550231933594,34.11799240112305,45
47.90550231933594,34.11799240112305,45
47.90550231933594,34.11799240112305,45
47.90550231933594,34.11799240112305,45
47.90550231933594,34.11799240112305,45
47.90550231933594,34.11799240112305,45
47.90550231933594,34.11799240112305,45
47.90550231933594,34.11799240112305,45
47.90550231933594,34.11799240112305,45
47.90550231933594,34.11799240112305,45
47.90550231933594,34.11799240112305,45
47.90550231933594,34.11799240112305,45
47.90550231933594,34.11799240112305,45
47.90550231933594,34.11799240112305,46
47.90550231933594,34.11799240112305,45
47.90550231933594,34.11799240112305,45
47.90550231933594,34.11799240112305,45
47.90550231933594,34.11799240112305,45
47.90550231933594,34.11799240112305,46
47.90550231933594,34.11799240112305,46
47.90550231933594,34.11799240112305,45
47.90550231933594,34.11799240112305,45
47.90550231933594,34.11799240112305,46
47.90550231933594,34.11799240112305,46
47.90550231933594,34.11799240112305,45
47.90550231933594,34.11799240112305,45
47.93244171142578,35.7703971862793,45
47.231361389160156,37.92317199707031,44
47.35969543457031,38.66349792480469,36
47.65861129760742,40.176876068115234,36
48.44440841674805,41.288082122802734,37
50.61421585083008,41.3218994140625,36
52.71782684326172,41.49584197998047,36
58.70354080200195,41.7866096496582,34
59.101097106933594,41.79249954223633,34
59.51812744140625,41.778682708740234,34
61.45416259765625,41.83601379394531,41
63.778900146484375,41.93288040161133,31
65.56659698486328,41.70816421508789,31
66.27043151855469,40.36891174316406,40
66.73733520507812,39.91815948486328,36
66.89164733886719,39.88056564331055,36
67.23257446289062,39.8343505859375,34
67.79737854003906,39.8657341003418,34
68.03553771972656,39.88092041015625,34
68.5092544555664,39.893314361572266,34
68.54456329345703,39.89348602294922,34
68.54456329345703,39.89348602294922,34
68.54448699951172,39.89348602294922,34
68.54444122314453,39.89348220825195,36
68.02987670898438,39.882110595703125,36
67.83538055419922,39.87413024902344,35
67.38392639160156,39.85905838012695,35
67.23847961425781,39.85386276245117,35
67.09852600097656,39.86109924316406,36
67.04676818847656,39.890045166015625,36
66.21967315673828,40.1949577331543,36
66.1373519897461,40.19411849975586,38
65.83580017089844,40.70634078979492,42
65.97562408447266,41.644500732421875,42
67.20623779296875,42.1846809387207,36
69.06180572509766,42.23495864868164,34
74.26094055175781,42.44414138793945,41
74.71284484863281,42.438690185546875,41
75.7016372680664,42.42629623413086,47
78.02111053466797,42.412940979003906,47
79.64764404296875,42.77766418457031,43
79.72856903076172,44.48114013671875,48
79.72503662109375,46.70493698120117,48
79.50482177734375,48.76641845703125,51
79.44619750976562,50.99269104003906,47
79.54727935791016,51.74884033203125,47
79.56863403320312,51.76178741455078,41
79.96212005615234,51.83599090576172,42
79.81695556640625,51.82478713989258,42
79.40676879882812,51.824275970458984,40
79.03767395019531,51.81017303466797,47
78.6286849975586,51.80453872680664,47
78.17678833007812,51.788246154785156,47
78.1636962890625,51.78787612915039,43
78.1636962890625,51.78787612915039,43
78.1636962890625,51.78787612915039,42
78.1636962890625,51.78787612915039,43
78.6130599975586,51.799747467041016,43
78.93496704101562,51.8154296875,45
79.44342041015625,51.832725524902344,41
79.55135345458984,51.835079193115234,41
79.95761108398438,51.85337829589844,43
79.61695098876953,51.81822967529297,44
79.10769653320312,51.794368743896484,44
78.80574798583984,51.794654846191406,43
78.27910614013672,51.777034759521484,47
78.14500427246094,51.77260971069336,47
78.14500427246094,51.77260971069336,43
78.14500427246094,51.77260971069336,42
78.22784423828125,51.77515411376953,42
78.7455062866211,51.79360580444336,42
78.8472671508789,51.797245025634766,44
78.85449981689453,51.80213928222656,44
79.39954376220703,50.63220977783203,46
79.6407470703125,49.49541473388672,49
79.75955963134766,47.41820526123047,49
79.76863861083984,45.03588104248047,54
79.78688049316406,43.1351318359375,43
78.49515533447266,42.41348648071289,43
76.1703872680664,42.43357467651367,45
73.81851959228516,42.429595947265625,40
71.45747375488281,42.41579818725586,40
69.3708724975586,42.169166564941406,37
67.09717559814453,42.12499237060547,33
65.88182067871094,41.37942123413086,33
66.23157501220703,40.1729850769043,35
66.84217071533203,39.879493713378906,35
66.9502944946289,39.85796356201172,35
67.37466430664062,39.81938171386719,36
67.85820770263672,39.845428466796875,34
68.19013977050781,39.8530158996582,34
68.52537536621094,39.869205474853516,34
68.52537536621094,39.869205474853516,32
68.52537536621094,39.869205474853516,32
68.52537536621094,39.869205474853516,33
68.52537536621094,39.869205474853516,32
68.09913635253906,39.863059997558594,32
67.82318115234375,39.846343994140625,34
67.40528869628906,39.82998275756836,38
67.384521484375,39.831031799316406,38
67.3687744140625,39.852325439453125,32
66.1822280883789,40.19917678833008,35
65.25739288330078,41.84791946411133,35
61.622398376464844,41.64380645751953,36
61.272216796875,41.65354537963867,36
60.08143997192383,41.69856643676758,36
57.75196838378906,41.68947219848633,36
55.583778381347656,41.58766555786133,33
51.00444030761719,41.36341857910156,32
47.896339416503906,40.944854736328125,32
47.71731948852539,40.47215270996094,32
47.707115173339844,39.9262809753418,32
47.722904205322266,38.362728118896484,35
47.73007583618164,36.05613327026367,40
48.07057189941406,34.19392395019531,40
48.05646514892578,33.78690719604492,48
48.00459671020508,33.87714767456055,37
47.89942932128906,34.11531066894531,37
47.95017623901367,35.46886444091797,37
47.58474349975586,37.26860046386719,36
47.22590255737305,38.449337005615234,36
48.14976501464844,41.16587448120117,40
55.12570571899414,41.472023010253906,43
57.694950103759766,41.571102142333984,49
58.031429290771484,41.68279266357422,49
60.1241455078125,41.79203796386719,49
62.180931091308594,41.926212310791016,37
64.4484634399414,41.9222526550293,35
65.83149719238281,41.34469223022461,35
66.4837646484375,40.085121154785156,36
66.89854431152344,39.88426971435547,34
66.96973419189453,39.853084564208984,34
67.36790466308594,39.784423828125,35
67.87088012695312,39.8322868347168,35
68.16354370117188,39.84687805175781,35
68.5418930053711,39.85759735107422,35
68.54170227050781,39.85759353637695,35
68.54170227050781,39.85759353637695,35
68.54170227050781,39.85759353637695,37
68.54170227050781,39.85759353637695,36
68.54170227050781,39.85759353637695,36
68.54170227050781,39.85759353637695,36
68.54170227050781,39.85759353637695,36
68.54170227050781,39.85759353637695,36
68.54170227050781,39.85759353637695,36
68.54170227050781,39.85759353637695,36
68.54170227050781,39.85759353637695,36
68.54170227050781,39.85759353637695,35
68.54170227050781,39.85759353637695,36
68.54170227050781,39.85759353637695,25
68.54170227050781,39.85759353637695,36
68.54170227050781,39.85759353637695,35
68.54170227050781,39.85759353637695,35
68.54170227050781,39.85759353637695,37
68.54170227050781,39.85759353637695,37
68.54170227050781,39.85759353637695,37
68.54170227050781,39.85759353637695,35
68.54170227050781,39.85759353637695,34
68.54170227050781,39.85759353637695,34
68.54170227050781,39.85759353637695,36
68.54170227050781,39.85759353637695,35
68.54170227050781,39.85759353637695,35
68.54170227050781,39.85759353637695,36
68.54170227050781,39.85759353637695,36
68.54170227050781,39.85759353637695,36
68.54170227050781,39.85759353637695,36
68.09294891357422,39.853126525878906,34
67.85128021240234,39.84635543823242,34
67.85128021240234,39.84635543823242,34
67.85128021240234,39.84635543823242,36
67.85128021240234,39.84635543823242,36
67.85128021240234,39.84635543823242,34
67.85128021240234,39.84635543823242,35
67.85128021240234,39.84635543823242,35
67.85128021240234,39.84635543823242,34
67.85128021240234,39.84635543823242,35
67.85128021240234,39.84635543823242,35
67.85128021240234,39.84635543823242,36
67.85128021240234,39.84635543823242,35
67.85128021240234,39.84635543823242,37
67.85128021240234,39.84635543823242,35
67.85128021240234,39.84635543823242,37
67.85128021240234,39.84635543823242,37
67.85128021240234,39.84635543823242,37
67.85128021240234,39.84635543823242,37
67.85128021240234,39.84635543823242,37
67.85128021240234,39.84635543823242,37
67.85128021240234,39.84635543823242,36
67.85128021240234,39.84635543823242,36
67.85128021240234,39.84635543823242,37
67.85128021240234,39.84635543823242,37
67.85128021240234,39.84635543823242,37
67.85128021240234,39.84635543823242,36
67.42115783691406,39.83709716796875,35
67.3799057006836,39.83598709106445,35
67.3799057006836,39.83598709106445,39
67.3799057006836,39.83598709106445,39
67.3799057006836,39.83598709106445,39
67.3799057006836,39.83598709106445,39
67.3799057006836,39.83598709106445,38
67.3799057006836,39.83598709106445,38
67.3799057006836,39.83598709106445,41
67.3799057006836,39.83598709106445,40
67.3799057006836,39.83598709106445,40
67.3799057006836,39.83598709106445,39
67.3799057006836,39.83598709106445,39
67.3799057006836,39.83598709106445,39
67.3799057006836,39.83598709106445,39
67.33917236328125,39.83483123779297,39
67.16996002197266,39.81940841674805,33
67.16996002197266,39.81940841674805,32
67.16996002197266,39.81940841674805,33
67.16996002197266,39.81940841674805,33
67.16996002197266,39.81940841674805,34
67.16996002197266,39.81940841674805,33
67.16996002197266,39.81940841674805,33
67.16996002197266,39.81940841674805,34
67.16996002197266,39.81940841674805,33
67.16996002197266,39.81940841674805,33
67.16996002197266,39.81940841674805,33
67.16996002197266,39.81940841674805,31
67.16996002197266,39.81940841674805,31
67.16996002197266,39.81940841674805,32
67.16996002197266,39.81940841674805,33
67.16996002197266,39.81940841674805,33
67.16996002197266,39.81940841674805,33
67.16996002197266,39.81940841674805,33
67.16996002197266,39.81940841674805,33
67.16996002197266,39.81940841674805,34
67.16996002197266,39.81940841674805,32
67.16655731201172,39.82159423828125,32
67.20645904541016,39.85383987426758,36
66.21415710449219,40.182899475097656,34
65.73273468017578,41.28211975097656,34
